CVC-UNCC-06-01,CVC-UNCC-06-01.pdf,null
CVC-UNCC-06-02,CVC-UNCC-06-02.pdf,null
CVC-UNCC-06-03,CVC-UNCC-06-03.pdf,null
CVC-UNCC-06-04,CVC-UNCC-06-04.pdf,null
CVC-UNCC-06-05,CVC-UNCC-06-05.pdf,null
CVC-UNCC-06-06,CVC-UNCC-06-06.pdf,null
CVC-UNCC-06-07,CVC-UNCC-06-07.pdf,null
CVC-UNCC-06-08,CVC-UNCC-06-08.pdf,null
CVC-UNCC-06-09,CVC-UNCC-06-09.pdf,null
CVC-UNCC-06-09_0,CVC-UNCC-06-09_0.pdf,null
CVC-UNCC-06-11,CVC-UNCC-06-11.pdf,null
CVC-UNCC-07-01,CVC-UNCC-07-01.pdf,null
CVC-UNCC-07-02,CVC-UNCC-07-02.pdf,null
CVC-UNCC-07-03,CVC-UNCC-07-03.pdf,null
CVC-UNCC-07-04,CVC-UNCC-07-04.pdf,null
CVC-UNCC-07-05,CVC-UNCC-07-05.pdf,null
CVC-UNCC-07-06,CVC-UNCC-07-06.pdf,null
CVC-UNCC-07-07,CVC-UNCC-07-07.pdf,null
CVC-UNCC-07-08,CVC-UNCC-07-08.pdf,null
CVC-UNCC-07-09,CVC-UNCC-07-09.pdf,null
CVC-UNCC-07-10,CVC-UNCC-07-10.pdf,null
CVC-UNCC-07-11,CVC-UNCC-07-11.pdf,null
CVC-UNCC-07-12,CVC-UNCC-07-12.pdf,null
CVC-UNCC-07-13,CVC-UNCC-07-13.pdf,null
CVC-UNCC-07-14,CVC-UNCC-07-14.pdf,null
CVC-UNCC-07-15,CVC-UNCC-07-15.pdf,null
CVC-UNCC-07-16,CVC-UNCC-07-16.pdf,null
CVC-UNCC-08-01,CVC-UNCC-08-01.pdf,null
CVC-UNCC-08-02,CVC-UNCC-08-02.pdf,null
CVC-UNCC-08-03,CVC-UNCC-08-03.pdf,null
CVC-UNCC-08-04,CVC-UNCC-08-04.pdf,null
CVC-UNCC-08-05,CVC-UNCC-08-05.pdf,null
CVC-UNCC-08-06,CVC-UNCC-08-06.pdf,null
CVC-UNCC-08-07,CVC-UNCC-08-07.pdf,null
CVC-UNCC-08-08,CVC-UNCC-08-08.pdf,null
CVC-UNCC-08-09,CVC-UNCC-08-09.pdf,null
CVC-UNCC-08-10,CVC-UNCC-08-10.pdf,null
CVC-UNCC-08-11,CVC-UNCC-08-11.pdf,null
CVC-UNCC-08-12,CVC-UNCC-08-12.pdf,null
CVC-UNCC-08-13,CVC-UNCC-08-13.pdf,null
CVC-UNCC-08-14,CVC-UNCC-08-14.pdf,null
CVC-UNCC-08-15,CVC-UNCC-08-15.pdf,null
CVC-UNCC-08-16,CVC-UNCC-08-16.pdf,null
CVC-UNCC-08-18,CVC-UNCC-08-18.pdf,null
CVC-UNCC-08-19,CVC-UNCC-08-19.pdf,null
CVC-UNCC-08-20,CVC-UNCC-08-20.pdf,null
CVC-UNCC-08-21,CVC-UNCC-08-21.pdf,null
CVC-UNCC-08-22,CVC-UNCC-08-22.pdf,null
CVC-UNCC-08-23,CVC-UNCC-08-23.pdf,null
CVC-UNCC-08-24,CVC-UNCC-08-24.pdf,null
CVC-UNCC-08-25,CVC-UNCC-08-25.pdf,null
CVC-UNCC-08-26,CVC-UNCC-08-26.pdf,null
CVC-UNCC-08-27,CVC-UNCC-08-27.pdf,null
CVC-UNCC-08-28,CVC-UNCC-08-28.pdf,null
CVC-UNCC-08-292,CVC-UNCC-08-292.pdf,null
CVC-UNCC-08-30,CVC-UNCC-08-30.pdf,null
CVC-UNCC-08-31,CVC-UNCC-08-31.pdf,null
CVC-UNCC-08-32,CVC-UNCC-08-32.pdf,null
CVC-UNCC-08-33,CVC-UNCC-08-33.pdf,null
CVC-UNCC-08-34,CVC-UNCC-08-34.pdf,null
CVC-UNCC-08-35,CVC-UNCC-08-35.pdf,null
CVC-UNCC-08-36,CVC-UNCC-08-36.pdf,null
CVC-UNCC-08-37,CVC-UNCC-08-37.pdf,null
CVC-UNCC-08-38,CVC-UNCC-08-38.pdf,null
CVC-UNCC-09-01,CVC-UNCC-09-01.pdf,null
CVC-UNCC-09-02,CVC-UNCC-09-02.pdf,null
CVC-UNCC-09-03,CVC-UNCC-09-03.pdf,null
CVC-UNCC-09-05,CVC-UNCC-09-05.pdf,null
CVC-UNCC-09-06,CVC-UNCC-09-06.pdf,null
CVC-UNCC-09-07,CVC-UNCC-09-07.pdf,null
CVC-UNCC-09-08,CVC-UNCC-09-08.pdf,null
CVC-UNCC-09-09,CVC-UNCC-09-09.pdf,null
CVC-UNCC-09-10,CVC-UNCC-09-10.pdf,null
CVC-UNCC-09-11,CVC-UNCC-09-11.pdf,null
CVC-UNCC-09-12,CVC-UNCC-09-12.pdf,null
CVC-UNCC-09-13,CVC-UNCC-09-13.pdf,null
CVC-UNCC-09-14,CVC-UNCC-09-14.pdf,null
CVC-UNCC-09-15,CVC-UNCC-09-15.pdf,null
CVC-UNCC-09-16,CVC-UNCC-09-16.pdf,null
CVC-UNCC-09-17,CVC-UNCC-09-17.pdf,null
CVC-UNCC-09-18,CVC-UNCC-09-18.pdf,null
CVC-UNCC-09-19,CVC-UNCC-09-19.pdf,null
CVC-UNCC-09-20,CVC-UNCC-09-20.pdf,null
CVC-UNCC-09-21,CVC-UNCC-09-21.pdf,null
CVC-UNCC-09-22,CVC-UNCC-09-22.pdf,null
CVC-UNCC-09-23,CVC-UNCC-09-23.pdf,null
CVC-UNCC-09-24,CVC-UNCC-09-24.pdf,null
CVC-UNCC-09-25,CVC-UNCC-09-25.pdf,null
CVC-UNCC-09-26,CVC-UNCC-09-26.pdf,null
CVC-UNCC-09-27,CVC-UNCC-09-27.pdf,null
CVC-UNCC-09-28,CVC-UNCC-09-28.pdf,null
CVC-UNCC-09-29,CVC-UNCC-09-29.pdf,null
CVC-UNCC-10-01_0,CVC-UNCC-10-01_0.pdf,null
CVC-UNCC-10-02,CVC-UNCC-10-02.pdf,null
CVC-UNCC-10-03,CVC-UNCC-10-03.pdf,null
CVC-UNCC-10-04,CVC-UNCC-10-04.pdf,null
CVC-UNCC-10-05,CVC-UNCC-10-05.pdf,null
CVC-UNCC-10-06,CVC-UNCC-10-06.pdf,null
CVC-UNCC-10-07,CVC-UNCC-10-07.pdf,null
CVC-UNCC-10-08,CVC-UNCC-10-08.pdf,null
CVC-UNCC-10-09,CVC-UNCC-10-09.pdf,null
CVC-UNCC-10-10,CVC-UNCC-10-10.pdf,null
CVC-UNCC-10-11,CVC-UNCC-10-11.pdf,null
CVC-UNCC-10-12,CVC-UNCC-10-12.pdf,null
CVC-UNCC-10-13,CVC-UNCC-10-13.pdf,null
CVC-UNCC-10-14,CVC-UNCC-10-14.pdf,null
CVC-UNCC-10-15,CVC-UNCC-10-15.pdf,null
CVC-UNCC-10-16,CVC-UNCC-10-16.pdf,null
CVC-UNCC-10-17,CVC-UNCC-10-17.pdf,null
CVC-UNCC-10-18,CVC-UNCC-10-18.pdf,null
CVC-UNCC-10-19,CVC-UNCC-10-19.pdf,null
CVC-UNCC-10-20,CVC-UNCC-10-20.pdf,null
CVC-UNCC-10-21,CVC-UNCC-10-21.pdf,null
CVC-UNCC-10-22,CVC-UNCC-10-22.pdf,null
CVC-UNCC-10-23,CVC-UNCC-10-23.pdf,null
CVC-UNCC-10-25,CVC-UNCC-10-25.pdf,null
CVC-UNCC-10-26,CVC-UNCC-10-26.pdf,null
CVC-UNCC-10-27,CVC-UNCC-10-27.pdf,null
CVC-UNCC-10-28,CVC-UNCC-10-28.pdf,null
CVC-UNCC-10-29,CVC-UNCC-10-29.pdf,null
CVC-UNCC-10-30,CVC-UNCC-10-30.pdf,null
CVC-UNCC-11-01,CVC-UNCC-11-01.pdf,null
CVC-UNCC-11-02,CVC-UNCC-11-02.pdf,null
CVC-UNCC-11-03,CVC-UNCC-11-03.pdf,null
CVC-UNCC-11-04,CVC-UNCC-11-04.pdf,null
CVC-UNCC-11-05,CVC-UNCC-11-05.pdf,null
CVC-UNCC-11-06,CVC-UNCC-11-06.pdf,null
CVC-UNCC-11-07,CVC-UNCC-11-07.pdf,null
CVC-UNCC-11-08,CVC-UNCC-11-08.pdf,null
CVC-UNCC-11-09,CVC-UNCC-11-09.pdf,null
CVC-UNCC-11-10,CVC-UNCC-11-10.pdf,null
CVC-UNCC-11-11,CVC-UNCC-11-11.pdf,null
CVC-UNCC-11-12_0,CVC-UNCC-11-12_0.pdf,null
CVC-UNCC-11-13,CVC-UNCC-11-13.pdf,null
CVC-UNCC-11-14,CVC-UNCC-11-14.pdf,null
CVC-UNCC-11-15,CVC-UNCC-11-15.pdf,null
CVC-UNCC-11-16_0,CVC-UNCC-11-16_0.pdf,null
CVC-UNCC-11-17,CVC-UNCC-11-17.pdf,null
CVC-UNCC-11-18,CVC-UNCC-11-18.pdf,null
CVC-UNCC-11-20,CVC-UNCC-11-20.pdf,null
CVC-UNCC-11-21,CVC-UNCC-11-21.pdf,null
CVC-UNCC-11-22,CVC-UNCC-11-22.pdf,null
CVC-UNCC-11-23,CVC-UNCC-11-23.pdf,null
CVC-UNCC-11-24_0,CVC-UNCC-11-24_0.pdf,null
CVC-UNCC-11-25,CVC-UNCC-11-25.pdf,null
CVC-UNCC-11-26,CVC-UNCC-11-26.pdf,null
CVC-UNCC-12-01,CVC-UNCC-12-01.pdf,null
CVC-UNCC-12-02,CVC-UNCC-12-02.pdf,null
CVC-UNCC-12-03,CVC-UNCC-12-03.pdf,null
CVC-UNCC-12-04,CVC-UNCC-12-04.pdf,null
CVC-UNCC-12-05,CVC-UNCC-12-05.pdf,null
CVC-UNCC-12-06,CVC-UNCC-12-06.pdf,null
CVC-UNCC-12-07,CVC-UNCC-12-07.pdf,null
CVC-UNCC-12-08,CVC-UNCC-12-08.pdf,null
CVC-UNCC-12-09,CVC-UNCC-12-09.pdf,null
CVC-UNCC-12-10,CVC-UNCC-12-10.pdf,null
CVC-UNCC-12-11,CVC-UNCC-12-11.pdf,null
CVC-UNCC-12-12,CVC-UNCC-12-12.pdf,null
CVC-UNCC-12-13,CVC-UNCC-12-13.pdf,null
CVC-UNCC-12-14,CVC-UNCC-12-14.pdf,null
CVC-UNCC-12-15_0,CVC-UNCC-12-15_0.pdf,null
CVC-UNCC-13-01,CVC-UNCC-13-01.pdf,null
CVC-UNCC-13-02,CVC-UNCC-13-02.pdf,null
CVC-UNCC-13-03,CVC-UNCC-13-03.pdf,null
CVC-UNCC-13-04,CVC-UNCC-13-04.pdf,null
CVC-UNCC-13-05,CVC-UNCC-13-05.pdf,null
CVC-UNCC-13-06,CVC-UNCC-13-06.pdf,null
CVC-UNCC-13-07,CVC-UNCC-13-07.pdf,null
CVC-UNCC-13-08,CVC-UNCC-13-08.pdf,null
CVC-UNCC-13-09,CVC-UNCC-13-09.pdf,null
CVC-UNCC-13-10_0,CVC-UNCC-13-10_0.pdf,null
CVC-UNCC-13-11,CVC-UNCC-13-11.pdf,null
CVC-UNCC-13-12_0,CVC-UNCC-13-12_0.pdf,null
CVC-UNCC-13-13,CVC-UNCC-13-13.pdf,null
CVC-UNCC-13-14,CVC-UNCC-13-14.pdf,null
CVC-UNCC-13-15,CVC-UNCC-13-15.pdf,null
CVC-UNCC-13-16,CVC-UNCC-13-16.pdf,null
CVC-UNCC-13-17,CVC-UNCC-13-17.pdf,null
CVC-UNCC-14-01,CVC-UNCC-14-01.pdf,null
CVC-UNCC-14-02,CVC-UNCC-14-02.pdf,null
CVC-UNCC-14-03,CVC-UNCC-14-03.pdf,null
CVC-UNCC-14-04,CVC-UNCC-14-04.pdf,null
CVC-UNCC-14-05,CVC-UNCC-14-05.pdf,null
CVC-UNCC-14-06,CVC-UNCC-14-06.pdf,null
CVC-UNCC-14-07,CVC-UNCC-14-07.pdf,null
CVC-UNCC-14-08,CVC-UNCC-14-08.pdf,null
CVC-UNCC-14-09,CVC-UNCC-14-09.pdf,null
CVC-UNCC-14-10,CVC-UNCC-14-10.pdf,null
CVC-UNCC-14-11,CVC-UNCC-14-11.pdf,null
CVC-UNCC-14-12,CVC-UNCC-14-12.pdf,null
CVC-UNCC-14-13,CVC-UNCC-14-13.pdf,null
CVC-UNCC-14-14,CVC-UNCC-14-14.pdf,null
CVC-UNCC-14-15,CVC-UNCC-14-15.pdf,null
CVC-UNCC-14-16,CVC-UNCC-14-16.pdf,null
